name,path,size_bytes,page_count,type_hint,sample_text
A Cronor - Mark Ferguson.pdf,/home/me/Notebooks/0101/0101/src/public_html/PDFs/SM/A Cronor - Mark Ferguson.pdf,4398874,39,searchable,Traveller 5 A Cronor (Spinward Marches) SUBSECTOR GUIDE mad.max.4703@mail.com General Details for Imperial Forces. 5FW style System box. T4 Imperial Squadrons & Captains. T4 Pocket Empires & Troops. T
B Jewell - Mark Ferguson.pdf,/home/me/Notebooks/0101/0101/src/public_html/PDFs/SM/B Jewell - Mark Ferguson.pdf,4536097,51,searchable,Traveller 5 B Jewell (Spinward Marches) SUBSECTOR GUIDE mad.max.4703@mail.com General Details for Imperial Forces. 5FW style System box. T4 Imperial Squadrons & Captains. T4 Pocket Empires & Troops. T
C Regina - Mark Ferguson.pdf,/home/me/Notebooks/0101/0101/src/public_html/PDFs/SM/C Regina - Mark Ferguson.pdf,6034041,63,searchable,Traveller 5 C Regina (Spinward Marches) SUBSECTOR GUIDE mad.max.4703@mail.com General Details for Imperial Forces. 5FW style System box. T4 Imperial Squadrons & Captains. T4 Pocket Empires & Troops. T
D Aramis - Mark Ferguson.pdf,/home/me/Notebooks/0101/0101/src/public_html/PDFs/SM/D Aramis - Mark Ferguson.pdf,4899168,55,searchable,Traveller 5 D Aramis (Spinward Marches) SUBSECTOR GUIDE mad.max.4703@mail.com General Details for Imperial Forces. 5FW style System box. T4 Imperial Squadrons & Captains. T4 Pocket Empires & Troops. T
E Querion - Mark Ferguson.pdf,/home/me/Notebooks/0101/0101/src/public_html/PDFs/SM/E Querion - Mark Ferguson.pdf,4020541,49,searchable,Traveller 5 E Querion (Spinward Marches) SUBSECTOR GUIDE mad.max.4703@mail.com General Details for Imperial Forces. 5FW style System box. T4 Imperial Squadrons & Captains. T4 Pocket Empires & Troops. 
F Vilis. - Mark Ferguson.pdf,/home/me/Notebooks/0101/0101/src/public_html/PDFs/SM/F Vilis. - Mark Ferguson.pdf,4750072,55,searchable,Traveller 5 F Vilis (Spinward Marches) SUBSECTOR GUIDE mad.max.4703@mail.com General Details for Imperial Forces. 5FW style System box. T4 Imperial Squadrons & Captains. T4 Pocket Empires & Troops. T5
G Lanth - Mark Ferguson.pdf,/home/me/Notebooks/0101/0101/src/public_html/PDFs/SM/G Lanth - Mark Ferguson.pdf,4896729,55,searchable,Traveller 5 G Lanth (Spinward Marches) SUBSECTOR GUIDE mad.max.4703@mail.com General Details for Imperial Forces. 5FW style System box. T4 Imperial Squadrons & Captains. T4 Pocket Empires & Troops. T5
H Rhylanor - Mark Ferguson.pdf,/home/me/Notebooks/0101/0101/src/public_html/PDFs/SM/H Rhylanor - Mark Ferguson.pdf,5941478,63,searchable,Traveller 5 H Rhylanor (Spinward Marches) SUBSECTOR GUIDE mad.max.4703@mail.com General Details for Imperial Forces. 5FW style System box. T4 Imperial Squadrons & Captains. T4 Pocket Empires & Troops.
I Darrian - Mark Ferguson.pdf,/home/me/Notebooks/0101/0101/src/public_html/PDFs/SM/I Darrian - Mark Ferguson.pdf,5415232,59,searchable,Traveller 5 I Darrian (Spinward Marches) SUBSECTOR GUIDE mad.max.4703@mail.com General Details for Imperial Forces. 5FW style System box. T4 Imperial Squadrons & Captains. T4 Pocket Empires & Troops. 
J Sword Worlds - Mark Ferguson.pdf,/home/me/Notebooks/0101/0101/src/public_html/PDFs/SM/J Sword Worlds - Mark Ferguson.pdf,5489794,59,searchable,Traveller 5 J Sword Worlds (Spinward Marches) SUBSECTOR GUIDE mad.max.4703@mail.com General Details for Imperial Forces. 5FW style System box. T4 Imperial Squadrons & Captains. T4 Pocket Empires & Tro
K Lunion - Mark Ferguson.pdf,/home/me/Notebooks/0101/0101/src/public_html/PDFs/SM/K Lunion - Mark Ferguson.pdf,4860848,55,searchable,Traveller 5 K Lunion (Spinward Marches) SUBSECTOR GUIDE mad.max.4703@mail.com General Details for Imperial Forces. 5FW style System box. T4 Imperial Squadrons & Captains. T4 Pocket Empires & Troops. T
L Mora - Mark Ferguson.pdf,/home/me/Notebooks/0101/0101/src/public_html/PDFs/SM/L Mora - Mark Ferguson.pdf,4891663,55,searchable,Traveller 5 L Mora (Spinward Marches) SUBSECTOR GUIDE mad.max.4703@mail.com General Details for Imperial Forces. 5FW style System box. T4 Imperial Squadrons & Captains. T4 Pocket Empires & Troops. T5 
M Five Sisters - Mark Ferguson.pdf,/home/me/Notebooks/0101/0101/src/public_html/PDFs/SM/M Five Sisters - Mark Ferguson.pdf,4996553,55,searchable,Traveller 5 M Five Sisters (Spinward Marches) SUBSECTOR GUIDE mad.max.4703@mail.com General Details for Imperial Forces. 5FW style System box. T4 Imperial Squadrons & Captains. T4 Pocket Empires & Tro
N District 268 - Mark Ferguson.pdf,/home/me/Notebooks/0101/0101/src/public_html/PDFs/SM/N District 268 - Mark Ferguson.pdf,5825220,61,searchable,Traveller 5 N District 268 (Spinward Marches) SUBSECTOR GUIDE mad.max.4703@mail.com General Details for Imperial Forces. 5FW style System box. T4 Imperial Squadrons & Captains. T4 Pocket Empires & Tro
O Glisten - Mark Ferguson.pdf,/home/me/Notebooks/0101/0101/src/public_html/PDFs/SM/O Glisten - Mark Ferguson.pdf,5506582,59,searchable,Traveller 5 O Glisten (Spinward Marches) SUBSECTOR GUIDE mad.max.4703@mail.com General Details for Imperial Forces. 5FW style System box. T4 Imperial Squadrons & Captains. T4 Pocket Empires & Troops. 
P Trin's Veil - Mark Ferguson.pdf,/home/me/Notebooks/0101/0101/src/public_html/PDFs/SM/P Trin's Veil - Mark Ferguson.pdf,5684871,59,searchable,Traveller 5 P Trin's Veil (Spinward Marches) SUBSECTOR GUIDE mad.max.4703@mail.com General Details for Imperial Forces. 5FW style System box. T4 Imperial Squadrons & Captains. T4 Pocket Empires & Troo
SUBTables - Mark Ferguson.pdf,/home/me/Notebooks/0101/0101/src/public_html/PDFs/SM/SUBTables - Mark Ferguson.pdf,127445,10,searchable,Missions 2D RE-ASSIGN 1D DEEP PEN PATROL FLEET RESERVE 2 to 4 Deep Pen 1 Bombard Anti-piracy Engagement Refit 4 to 6 Patrol 2 Forage Engage Interdict Refit 7 Fleet Action 3 Forage Interdict Patrol Jum
Spinward Marches - Mark Ferguson.pdf,/home/me/Notebooks/0101/0101/src/public_html/PDFs/SM/Spinward Marches - Mark Ferguson.pdf,4428112,58,scanned-or-image,
SubCaps - Mark Ferguson.pdf,/home/me/Notebooks/0101/0101/src/public_html/PDFs/SM/SubCaps - Mark Ferguson.pdf,93156,1,searchable,Spinward Marches Subsector Capitals 0304 Chronor 1106 Jewell 1910 Regina 3110 Aramis 0614 Querion 1116 Frenzie 1719 Lanth 2716 Rhylanor 0527 Mire 1223 Gram 2124 Lunion 3124 Mora 0732 Iderati 1532 Elix
Worlds - Mark Ferguson.pdf,/home/me/Notebooks/0101/0101/src/public_html/PDFs/SM/Worlds - Mark Ferguson.pdf,379617,95,searchable,Spinward Marches Worlds 0101 - 3240Spinward Marches Worlds 0101 - 3240
